"Date","Repository","Comment","PCName"
"2026-01-04 22:21:34","ThinktankWeb","260104 2221 E15 ","E15"
"2026-01-04 22:27:47","ThinktankWeb","260104 2227 E15 ","E15"
"2026-01-04 22:34:28","ThinktankWeb","260104 2334 E15 ","E15"
"2026-01-04 22:43:14","ThinktankWeb","260104 2243 E15 ","E15"
"2026-01-04 23:41:55","ThinktankWeb","260104 2341 E15 ","E15"
"2026-01-05 08:00:50","ThinktankWeb","260105 0800 E15 ","E15"
"2026-01-05 08:01:10","ThinktankWeb","260105 0801 E15 ","E15"
"2026-01-05 15:38:25","ThinktankWeb","260105 1538 probook","VENENO-02"
"2026-01-05 16:22:51","ThinktankWeb","260105 1622 probook","VENENO-02"
"2026-01-05 18:26:14","ThinktankWeb","260105 1825 probook","VENENO-02"
"2026-01-05 19:00:51","ThinktankWeb","260105 1900 probook","VENENO-02"
"2026-01-05 19:02:56","ThinktankWeb","260105 1902 probook","VENENO-02"
"2026-01-05 19:06:33","ThinktankWeb","260105 1906 probook","VENENO-02"
"2026-01-06 22:07:20","ThinktankWeb","260106 2207 E15 ","E15"
"2026-01-06 23:35:35","ThinktankWeb","260106 2335 E15 ","E15"
"2026-01-07 08:01:18","ThinktankWeb","260107 0801 E15 ","E15"
"2026-01-07 19:19:43","ThinktankWeb","260107 1919 E15 ","E15"
"2026-01-08 23:15:14","ThinktankWeb","260108 2315 E15 ","E15"
"2026-01-09 08:00:42","ThinktankWeb","260109 0800 E15 ","E15"
"2026-01-11 14:12:46","ThinktankWeb","260111 1412 E15 Opus BQ蛹・","E15"
"2026-01-11 15:35:53","ThinktankWeb","260111 1535 E15 ","E15"
"2026-01-11 21:08:04","ThinktankWeb","260111 2107 E15 ","E15"
"2026-01-11 21:36:44","ThinktankWeb","260111 2136 E15 ","E15"
"2026-01-11 23:26:35","ThinktankWeb","260111 2326 E15 ","E15"
"2026-01-12 09:03:11","ThinktankWeb","260112 0902 E15 save to BQ ","E15"
"2026-01-12 09:57:59","ThinktankWeb","260112 0957 E15 Memo Sync ","E15"
"2026-01-12 10:06:49","ThinktankWeb","260112 1006 E15 譌･譛ｬ隱槫・蜉・","E15"
"2026-01-12 10:24:09","ThinktankWeb","260112 1024 E15 ","E15"
"2026-01-12 15:14:30","ThinktankWeb","260112 1514 E15 Keyword ","E15"
"2026-01-12 16:19:16","ThinktankWeb","260112 1619 E15 ","E15"
"2026-01-13 07:37:21","ThinktankWeb","260113 0737 E15 ","E15"
"2026-01-13 07:59:47","ThinktankWeb","260113 0759 E15 ","E15"
"2026-01-14 00:02:06","ThinktankWeb","260114 0001 E15 ","E15"
"2026-01-15 19:05:50","ThinktankWeb","260115 1905 E15 ","E15"
"2026-01-15 19:11:42","ThinktankWeb","260115 1911 E15 ","E15"
"2026-01-15 21:40:45","ThinktankWeb","260115 2140 E15 ","E15"
"2026-01-15 23:06:01","ThinktankWeb","260115 2305 E15 ","E15"
"2026-01-16 00:06:29","ThinktankWeb","260116 0006 E15 ","E15"
"2026-01-16 07:56:40","ThinktankWeb","260116 0756 E15 ","E15"
"2026-01-16 08:00:33","ThinktankWeb","260116 0800 E15 ","E15"
"2026-01-18 09:39:53","ThinktankWeb","260118 0939 E15 ","E15"
"2026-01-18 23:23:31","ThinktankWeb","260118 2323 E15 ","E15"
"2026-01-19 23:57:17","ThinktankWeb","260119 2357 E15 ","E15"
"2026-01-20 07:22:26","ThinktankWeb","260120 0722 E15 ","E15"
"2026-01-20 07:58:11","ThinktankWeb","260120 0758 E15 ","E15"
"2026-01-20 20:59:21","ThinktankWeb","260120 2059 E15 ","E15"
"2026-01-20 23:52:25","ThinktankWeb","260120 2352 E15 ","E15"
"2026-01-21 07:57:51","ThinktankWeb","260121 0757 E15 ","E15"
"2026-01-21 22:25:28","ThinktankWeb","260121 2225 E15 ","E15"
"2026-01-21 22:33:24","ThinktankWeb","260121 2233 E15 ","E15"
"2026-01-21 23:40:31","ThinktankWeb","260121 2340 E15 ","E15"
"2026-01-21 23:54:57","ThinktankWeb","260121 2354 E15 ","E15"
"2026-01-22 07:48:41","ThinktankWeb","260122 0748 E15 ","E15"
"2026-01-22 08:00:23","ThinktankWeb","260122 0800 E15 ","E15"
"2026-01-22 22:51:31","ThinktankWeb","260122 2251 E15 ","E15"
"2026-01-22 23:30:13","ThinktankWeb","260122 2330 E15 ","E15"
"2026-01-22 23:31:41","ThinktankWeb","260122 2331 E15 ","E15"
"2026-01-22 23:44:52","ThinktankWeb","260122 2344 E15 ","E15"
"2026-01-23 07:57:38","ThinktankWeb","260123 0757 E15 ","E15"
"2026-01-25 09:28:16","ThinktankWeb","260126 0928 E15 ","E15"
"2026-01-25 09:57:15","ThinktankWeb","260125 0957 E15 ","E15"
"2026-01-25 14:15:38","ThinktankWeb","260125 1415 E15 ","E15"
"2026-01-25 14:47:47","ThinktankWeb","260125 1447 E15 ","E15"
"2026-01-25 14:55:44","ThinktankWeb","260125 1455 E15 ","E15"
"2026-01-26 08:02:05","ThinktankWeb","260126 0801 E15 ","E15"
"2026-01-26 23:42:07","ThinktankWeb","260126 2341 E15 before Refactoring ","E15"
"2026-01-27 08:00:30","ThinktankWeb","260127 0800 E15 ","E15"
"2026-01-27 23:44:59","ThinktankWeb","260127 2344 E15 ","E15"
"2026-01-28 07:42:51","ThinktankWeb","260128 0742 E15 ","E15"
"2026-01-28 08:01:34","ThinktankWeb","260128 0801 E15 ","E15"
"2026-01-29 00:45:52","ThinktankWeb","260129 0045 E15 ","E15"
"2026-01-29 07:34:00","ThinktankWeb","260129 0733 E15 ","E15"
"2026-01-29 07:42:31","ThinktankWeb","260129 0742 E15 ","E15"
"2026-01-29 07:56:25","ThinktankWeb","260129 0756 E15 ","E15"
"2026-01-29 07:59:54","ThinktankWeb","260129 0759 E15 ","E15"
"2026-01-29 22:18:07","ThinktankWeb","260129 2218 E15 ","E15"
"2026-01-29 23:36:07","ThinktankWeb","260129 2335 E15 ","E15"
"2026-01-30 07:31:35","ThinktankWeb","260130 0731 E15 ","E15"
"2026-01-30 07:49:33","ThinktankWeb","260130 0749 E15 ","E15"
"2026-01-30 07:59:47","ThinktankWeb","260130 0759 E15 ","E15"
"2026-01-31 00:43:00","ThinktankWeb","260131 0042 E15 before refactoring ","E15"
"2026-01-31 18:14:07","ThinktankWeb","260131 1814 E15 ","E15"
"2026-01-31 18:40:27","ThinktankWeb","260131 1840 E15 ","E15"
"2026-01-31 22:33:46","ThinktankWeb","260131 2233 E15 ","E15"
"2026-02-01 13:39:48","ThinktankWeb","260201 1339 E15 ","E15"
"2026-02-01 19:52:28","ThinktankWeb","260201 1952 E15 ","E15"
"2026-02-01 21:23:34","ThinktankWeb","260201 2123 E15 ","E15"
"2026-02-01 21:36:50","ThinktankWeb","260201 2136 E15 ","E15"
"2026-02-02 00:21:57","ThinktankWeb","260202 0021 E15 ","E15"
"2026-02-02 07:38:28","ThinktankWeb","260202 0738 E15 ","E15"
"2026-02-02 07:51:19","ThinktankWeb","260202 0751 E15 ","E15"
"2026-02-02 08:00:44","ThinktankWeb","260202 0756 E15 ","E15"
"2026-02-04 07:47:22","ThinktankWeb","260204 0747 E15 ","E15"
"2026-02-04 07:56:25","ThinktankWeb","260204 0756 E15 ","E15"
"2026-02-04 23:24:17","ThinktankWeb","260204 2324 E15 ","E15"
"2026-02-06 08:06:42","ThinktankWeb","260206 0806 E15 runnable ","E15"
"2026-02-06 08:39:46","ThinktankWeb","260206 0839 E15 PWA蛹悶〒縺阪※繧・","E15"
"2026-02-07 00:29:01","ThinktankWeb","260207 0028 E15 ","E15"
"2026-02-07 12:22:07","ThinktankWeb","260207 1221 E15 ","E15"
"2026-02-08 09:43:26","ThinktankWeb","260208 0943 E15 ","E15"
"2026-02-08 16:40:11","ThinktankWeb","260208 1640 E15 ","E15"
"2026-02-08 19:58:37","ThinktankWeb","260208 1958 E15 ","E15"
"2026-02-09 00:32:02","ThinktankWeb","260209 0031 E15 ","E15"
"2026-02-09 08:00:14","ThinktankWeb","260209 0800 E15 ","E15"
"2026-02-10 07:59:57","ThinktankWeb","260210 0759 E15 ","E15"
"2026-02-11 13:33:24","ThinktankWeb","260211 1325 E15 ","E15"
"2026-02-11 19:10:37","ThinktankWeb","260211 1910 E15 ","E15"
"2026-02-11 22:06:58","ThinktankWeb","260211 2206 E15 ","E15"
"2026-02-11 23:34:58","ThinktankWeb","260211 2334 E15 ","E15"
"2026-02-12 07:49:24","ThinktankWeb","260312 0749 E15 ","E15"
"2026-02-12 23:34:37","ThinktankWeb","260212 2334 E15 ","E15"
"2026-02-14 07:27:36","ThinktankWeb","260214 0727 E15 ","E15"
"2026-02-14 16:45:09","ThinktankWeb","260214 1645 E15 ","E15"
"2026-02-15 08:59:59","ThinktankWeb","260215 0859 E15 ","E15"
"2026-02-15 20:51:28","ThinktankWeb","260215 2051 E15 ","E15"
"2026-02-15 23:23:03","ThinktankWeb","260215 2322 E15 ","E15"
"2026-02-15 23:39:14","ThinktankWeb","260215 2339 E15 ","E15"
"2026-02-16 07:48:04","ThinktankWeb","260216 0747 E15 ","E15"
"2026-02-16 07:59:01","ThinktankWeb","260216 0758 E15 ","E15"
"2026-02-16 23:06:07","ThinktankWeb","260216 2305 E15 ","E15"
"2026-02-16 23:39:30","ThinktankWeb","260216 2339 E15 ","E15"
"2026-02-17 07:55:24","ThinktankWeb","260217 0755 E15 ","E15"
"2026-02-18 00:18:54","ThinktankWeb","260218 0018 ","E15"
"2026-02-18 07:58:05","ThinktankWeb","260218 0757 E15 ","E15"
"2026-02-19 07:13:16","ThinktankWeb","260219 0713 E15 ","E15"
"2026-02-19 07:37:23","ThinktankWeb","260219 0737 E15 ","E15"
"2026-02-19 07:55:50","ThinktankWeb","260219 0755 E15 ","E15"
"2026-02-21 09:56:29","ThinktankWeb","260221 0956 E15 ","E15"
"2026-02-23 12:35:16","ThinktankWeb","260223 1235 E15 ","E15"
"2026-02-23 12:45:21","ThinktankWeb","260223 1245 E15 ","E15"
"2026-02-23 16:17:28","ThinktankWeb","260223 1617 E15 ","E15"
"2026-02-23 17:54:20","ThinktankWeb","260223 1754 E15 ","E15"
"2026-02-23 18:50:14","ThinktankWeb","260223 1850 E15 ","E15"
"2026-02-24 08:00:13","ThinktankWeb","260224 0800 E15 ","E15"
"2026-02-24 23:54:48","ThinktankWeb","260224 2354 E15 ","E15"
"2026-02-26 22:12:26","ThinktankWeb","260226 2212 E15 ","E15"
"2026-02-27 11:06:32","ThinktankWeb","260227 1106 E15 ","E15"
"2026-03-01 00:07:55","ThinktankWeb","260301 0005 refactoring蜑・","E15"
